Kilométrage,Année_Fabrication,Puissance,Consommation,Nombre_Portes,Vitesse_Max,Marque,Prix
89517,2008,210,82.0943992696545,2,219,1,22902.765158453636
97836,2018,274,16.33193909361661,3,291,1,29512.46606241421
50396,2011,133,29.77873774926013,2,231,2,13029.153685364268
143982,2012,243,41.55693964778077,3,238,1,27292.752561632624
224514,2021,326,87.85538268518167,5,281,2,46817.12834095495
282511,2021,320,80.69936821396007,4,176,1,40217.69780280997
238597,2023,160,70.79440392933407,5,195,2,36955.79131253152
265596,2018,279,66.13611584269755,3,260,2,42235.94970609492
185145,2012,128,54.58180776171051,4,158,1,34259.57874196816
238871,2015,308,36.392202460357666,3,166,1,38707.87535696674
290068,2002,272,38.7088671220732,4,278,3,43778.213776352466
21262,2006,212,66.9303584670439,5,270,1,21312.386140819886
159331,2015,144,89.30867349613045,5,173,2,22247.3315050209
225957,2020,267,74.36530161646705,3,239,3,48946.54513170405
135642,2009,266,6.832606156540865,2,229,2,22659.19058631277
50578,2005,128,12.264610372539703,3,201,3,21739.130894310027
283620,2023,136,38.09575087108788,3,219,2,34614.65661236854
170431,2011,295,78.57492808422506,2,156,1,27864.306197116617
285589,2008,215,13.471010752954689,2,273,3,33994.28259305784
25945,2010,233,81.28381253956985,5,205,3,19335.93363084224
84964,2019,220,39.4631335118239,5,286,3,37723.97727166105
190785,2004,143,79.47378425582289,4,249,1,39093.80873408261
110169,2007,135,38.81602776839106,5,183,2,16371.565359491171
146828,2013,203,83.47351133864676,3,165,2,38494.58043579324
232592,2012,177,33.36293680515468,5,266,3,39796.622911645136
233731,2015,143,5.379955305978064,5,269,1,30073.22993943728
117734,2016,138,17.7041939630037,4,217,3,33616.17952561747
144439,2022,175,46.071045104878564,3,218,2,18028.88228983833
131749,2020,155,72.67819725576612,5,290,2,31094.061394007338
223752,2023,188,38.52147597834937,5,242,2,37625.96653385779
33752,2018,273,86.71553279282861,4,289,1,21139.51800802436
156204,2008,212,62.47826636018456,2,219,2,35296.441411834
20480,2011,274,90.21639724668675,4,292,1,16692.830940182117
52564,2014,263,14.041497097779384,4,173,1,28589.292738703814
250289,2022,347,78.61476543513946,2,267,3,44577.794685636785
134312,2018,192,42.29080313529846,3,195,1,27778.191157148194
247653,2021,145,48.35820098963534,4,261,1,36253.618868918755
102343,2008,207,31.866021773860233,2,169,1,17150.82511296174
62696,2012,186,77.8578320668793,3,241,2,30629.882394943754
177578,2016,321,97.5970258219214,4,209,1,38185.470896933206
233678,2008,274,92.10182996199724,5,205,1,46061.91975177641
60103,2015,319,89.81954592148179,4,182,2,26717.384544899385
201580,2019,237,85.16780662311025,2,203,1,38958.20436224963
34523,2008,338,17.32477322087857,5,245,3,37853.372272511406
287883,2002,335,17.05886412440384,2,241,2,55183.44179923617
150976,2019,175,77.20178776559874,2,241,2,31473.238066138532
245308,2003,235,62.42446466185056,4,275,2,45805.77284719931
17406,2003,280,44.73635082930088,2,211,2,19137.006452870693
42885,2023,202,6.186839436531627,5,265,2,23678.650142406987
132250,2022,217,78.0409285710679,2,197,2,28238.264159313465
115937,2018,267,28.829193233741208,5,152,1,24677.14814317466
255715,2014,335,32.508124706470156,2,281,2,50201.96266953591
131904,2004,253,69.8428810708721,3,197,1,33222.46458969009
282818,2013,349,6.50147040064469,2,259,2,56082.935874690316
201542,2018,135,13.606308234717037,4,169,3,36089.35228727697
276925,2023,170,63.921921091495804,4,250,2,43508.227695832844
86849,2021,191,11.589099243739378,2,292,1,17016.301653860337
97791,2015,287,36.935209541671696,4,245,2,28383.832665569982
51329,2017,263,25.262225632952585,2,183,2,19066.23086647495
220326,2010,322,21.25687735663168,2,239,3,54156.651941999226
44245,2005,248,28.751217922958517,3,294,3,14283.98391623084
52886,2002,151,83.71207874724611,4,250,2,17866.407485585718
92247,2009,256,49.78164320181523,3,150,3,20181.728564948782
82034,2021,313,74.891029172639,4,272,1,36353.55820226797
222583,2018,333,36.950983034118245,4,285,1,38787.74043482361
91910,2005,349,30.911670604029105,2,247,2,38232.115149296085
105041,2017,321,51.50586369577325,5,260,2,25658.635779787193
43914,2004,214,57.35638440526325,5,271,1,11530.749096050411
97017,2011,259,50.521498372351104,3,155,3,32852.590470210154
65172,2008,322,85.45782096977082,3,258,2,36994.916808653106
60468,2011,202,95.62035265116509,2,257,1,22950.24087526625
85522,2021,348,83.85483857003862,5,281,3,34868.24401555704
110378,2003,315,51.196007956723896,5,262,3,38315.16394588014
83451,2006,150,18.38441453965597,3,244,2,19385.466871588647
195133,2000,344,81.01799179299728,5,169,2,43296.2588385845
126514,2020,282,66.06928247573691,3,280,3,29909.127476030477
115107,2012,275,59.199802744706375,3,292,2,25653.996574456178
185161,2004,230,95.70763375664995,5,196,2,43191.019768712715
207492,2023,166,12.372929163447951,3,206,2,34047.03418142573
52642,2021,259,15.63227795390758,2,159,1,17595.648343822544
242513,2017,266,65.69703133115327,4,217,1,40315.67185586807
39956,2022,292,29.94038728458757,5,226,1,15768.822364318261
266721,2014,270,15.655519718504936,2,240,2,45731.10617426708
67923,2021,240,82.01467773720061,3,220,1,20303.705962236178
148088,2001,176,23.12818706668376,5,299,3,32601.151172702674
115934,2001,240,70.32607191228877,5,182,3,26859.546071504414
37731,2009,244,16.731967605994196,5,223,3,24334.535099640874
167993,2013,135,73.30638836480762,2,218,2,27931.696254456874
277104,2002,149,99.05868726891988,4,156,1,44004.988409978185
237064,2011,189,39.04356905893218,5,195,1,39700.04430253368
120715,2000,125,49.23912836055178,3,290,3,31658.905451744147
197546,2015,185,14.947167658584206,4,254,2,38658.13632977263
152296,2019,304,78.34837316605528,3,203,1,36857.17255728441
152810,2000,144,97.54376769649735,2,171,2,23236.0169189595
75557,2009,176,7.936748198102757,2,268,1,19260.407294120276
245096,2000,346,90.68917049613223,4,203,1,39168.30145522898
63459,2021,339,15.54551833752196,4,250,3,23256.638294798508
85246,2019,240,96.72878221328745,4,209,3,35521.46074140686
118747,2013,186,94.90966783343006,3,229,2,25501.84008090624
255755,2015,215,75.7543391102165,2,285,1,35917.40081164191
220587,2021,329,19.766728853668372,5,290,2,42661.96106284527
16165,2021,251,36.90525891006577,3,219,1,15223.855527707918
262097,2007,304,47.916042587099305,4,227,2,44705.79337225649
169748,2014,190,39.56137620385785,3,224,3,33716.6538347713
152590,2019,219,68.11666705886543,2,208,3,34450.664877369316
63761,2006,310,99.82647024203095,5,198,2,29005.57115811613
58123,2009,332,12.208940550793765,2,262,3,33598.3732035061
246301,2003,323,92.06259858740233,3,279,2,46163.563963258464
11689,2023,237,13.316394880035087,3,192,3,27437.267884963676
132942,2017,327,73.50173612090926,5,257,2,41761.47921640162
167505,2000,264,87.13577371279096,2,278,2,39313.98319350371
227337,2001,270,26.05589648307844,5,249,1,35150.08506891299
45730,2016,222,90.68412368954993,4,299,2,26799.18925976276
134314,2005,328,40.462124542551855,5,172,1,36713.82286756652
113100,2004,262,85.18936024059114,5,175,3,33027.97483622165
231547,2012,214,27.197972364467386,3,184,3,35515.635140835344
25268,2021,179,93.94324307771618,4,205,1,19999.06528681498
77672,2015,227,58.48566950065689,4,229,2,18948.728131143016
66448,2021,287,81.90212027989458,3,216,1,21695.69644508109
30252,2010,257,30.53475419780192,4,186,1,16822.362267371413
152229,2019,262,69.67091028816543,2,219,1,33537.17448524811
118312,2001,132,68.62923435817505,2,231,1,25692.64431599246
100684,2003,165,83.25896438184137,3,276,2,33635.49611775646
223905,2011,210,73.09507610858145,2,207,1,41230.53370958632
79025,2003,227,41.146894178356625,3,255,1,30576.98289501355
90832,2020,344,88.67210778511922,2,222,3,34148.743293507076
234987,2011,190,24.687571531516312,5,172,3,41994.851540860654
194853,2011,171,42.709585613139,2,251,3,35242.29483151611
13183,2002,313,78.51606396423298,5,222,3,18459.763530684668
298930,2015,127,65.13622360029838,2,235,3,49338.16642141596
62943,2003,346,88.45248572923923,2,190,3,25128.087140195457
234231,2007,342,27.575732166029027,5,248,3,43751.10281253528
9803,2014,153,96.4619864864907,5,181,2,10508.258742146714
116588,2007,297,71.8511993989488,5,254,3,39319.729662096215
182202,2004,131,14.119380203859551,3,242,2,32537.234151479526
221278,2007,323,40.52965281497952,3,200,1,46020.20488459618
93200,2010,166,15.670107381127464,3,190,1,24443.18875975391
241220,2009,125,80.29332105413368,4,296,3,45133.38446215087
180088,2021,213,12.133599098705094,5,198,2,33578.750995550916
42735,2013,182,44.2261928976082,5,244,3,18057.67408689856
61527,2008,141,51.71227661704256,5,271,2,19960.81632018808
118977,2009,319,59.608778317804216,2,160,1,35845.90749472025
213069,2014,240,66.87457343842884,2,252,3,38250.556878560375
189983,2009,160,69.04859162279533,4,257,2,42696.12474190467
286744,2007,317,17.365152425519,2,259,1,59559.31593423138
242540,2001,149,50.27415215957959,4,293,2,39121.08932204734
21764,2009,228,58.6280144947263,4,179,1,16642.891362585775
43443,2002,180,83.81004133278572,5,280,2,14092.320620411094
25115,2020,316,46.4084657739648,2,187,3,20613.836008776703
68199,2008,215,24.449167822980737,5,160,3,27988.09047391443
198830,2020,333,25.938058658862957,4,175,2,35743.15381226304
95625,2022,317,15.927579898187648,5,182,1,35055.57685644761
261551,2006,289,25.92710041315137,3,231,3,41356.39291941669
49632,2019,307,41.089736133989454,2,270,2,21738.057499827708
45292,2022,128,89.75594101473467,4,171,3,20533.619083606616
246933,2016,155,32.90157131031686,2,299,3,40385.93171289709
270501,2003,298,33.60947954368311,3,184,1,37860.32703555394
219993,2008,345,25.886979028591306,4,196,3,51304.73195713747
114923,2006,264,51.64362263619777,4,151,3,26703.14307768313
250481,2001,130,28.935112944999176,2,298,1,37018.70790588905
208598,2017,125,88.78734984203697,4,263,1,21983.906254739395
126261,2007,346,97.26459910340107,2,265,2,38168.65619460908
76399,2005,329,71.06563520082489,4,208,3,35199.73204796665
156217,2010,152,23.95131302330665,2,259,3,31719.415224074623
165841,2002,302,10.065335655977808,2,188,2,29721.27303837729
106930,2018,287,29.172121786527494,4,217,1,32111.749295518286
210751,2005,237,72.13970151530589,2,195,1,47625.62165068172
39977,2008,262,24.389626971553835,5,212,3,25749.167357123843
221805,2023,133,9.13383037240028,4,210,1,34760.79987864735
212923,2013,273,63.83399570059699,5,189,2,34649.04869211134
291606,2000,304,24.228667596318573,3,171,3,59640.76906818048
61386,2021,166,41.08704128957615,4,167,3,11872.578153923423
136756,2001,263,87.06735587797199,4,191,1,34200.38045967779
222192,2012,222,32.12013405993075,4,198,1,24434.35203615532
13323,2021,190,82.30296508895957,4,280,2,14037.277776816143
195119,2006,280,8.842163930724563,5,242,2,39888.54703497856
74804,2017,234,78.56549555172006,5,176,3,30388.106307129703
191558,2009,207,58.78990384423798,3,280,2,35870.467128215474
277699,2008,285,17.550853448260188,3,231,3,54806.926278620944
273316,2006,232,10.72062341034352,2,174,2,38003.88921072469
189848,2008,214,88.42266913678017,3,200,1,38682.00694374363
53657,2011,144,54.23087120397107,2,284,1,12400.730080665657
119309,2023,257,79.40269315319377,2,259,1,31917.923170711612
236506,2009,284,73.0088340282773,5,174,2,33984.09393712286
192660,2007,285,89.17196825293163,2,239,3,43654.694789784655
237273,2017,339,32.99819165193045,4,192,2,40706.86776292821
117676,2014,295,50.27614951588047,5,218,2,24656.303142725832
247270,2017,184,31.857159136795254,5,246,2,38429.885862997224
10620,2022,328,92.03319845260594,5,213,1,19064.300537700165
40286,2011,338,89.2269783984936,2,258,3,39159.66955630579
257511,2001,231,76.72256926110593,2,274,3,42748.76909515928
40397,2010,158,12.751632292135278,4,215,3,23297.75777322919
109819,2000,152,44.73952127935398,3,164,3,21529.687698615166
159431,2011,204,20.194589465953253,3,187,2,32402.380636129932
195052,2001,292,91.53189391473937,3,150,1,44739.14313705366
137122,2008,310,73.45386619298095,4,284,3,38760.455690935996
224950,2008,222,48.40166214358601,3,170,1,42580.12696760846
212338,2019,229,45.615033701123025,2,288,1,36541.04036793845
26151,2004,146,84.09365173727035,2,205,1,16472.249052420106
120963,2000,225,51.92656519546035,4,194,3,34170.75294735207
24500,2010,238,83.57310273893438,5,185,1,32349.28559735485
184913,2010,198,72.26359523079631,3,206,3,29481.098847931553
234627,2000,198,83.42670885734574,5,181,1,38146.18782344447
176704,2021,137,21.26684274947716,2,150,2,26842.404653169408
293072,2009,272,52.898464856837215,3,201,3,38112.71567697017
193987,2003,132,38.819944139748756,5,282,2,33837.55916657745
32620,2001,316,12.279181101101262,2,211,3,20394.679656398563
2190,2005,258,36.67845862521812,2,206,3,10040.358517187728
230478,2011,247,52.43537348193927,3,197,1,42370.38683270541
115189,2010,224,68.8732924932468,5,255,2,28947.415160130982
55462,2000,312,59.175078221725585,2,280,1,28978.384644568247
91040,2010,181,17.056768925712323,4,173,2,16656.76625333555
202386,2018,163,48.06107609278935,3,268,3,34009.56285697875
149726,2004,243,30.553616977877812,2,226,3,40489.14455636447
154017,2007,209,33.565917288052326,3,180,2,24877.8073015607
124107,2006,252,90.25738560890224,2,289,3,38260.14995610009
42097,2005,203,47.50959964798525,4,207,2,29836.15995064246
10787,2020,209,16.84479867085633,2,161,2,15337.045417817404
40358,2020,179,29.260847062222666,4,180,1,19907.553609957016
201807,2004,198,6.48532206836332,5,157,1,43549.70663075049
205584,2001,247,98.31810924057663,2,229,3,29945.56096029428
4737,2004,131,8.788154284738377,3,241,2,12533.625644797237
86509,2007,266,8.774281511899208,5,265,2,22714.017998934898
29658,2005,272,27.363781304320796,4,154,3,24871.718413360995
186218,2017,220,65.71027991123437,4,169,2,31783.934918799318
230849,2015,249,42.734966074954144,5,231,1,41298.30769328218
187962,2011,310,46.5837762936152,5,187,1,50450.398058539606
284290,2014,328,38.27770394268948,5,269,3,46797.00308873367
251529,2021,138,24.01702640630779,4,195,2,29979.618050722067
153274,2016,215,92.09606033016802,2,271,1,31046.301769672587
136940,2002,135,82.97799941878573,2,286,3,35081.56165609106
94797,2004,163,33.121332300759725,3,206,3,21434.90269582782
126160,2014,185,35.015360608652365,2,241,1,26896.351669730637
124313,2005,267,90.63017686137862,2,244,2,35609.99125072143
38425,2011,306,77.956496744457,5,265,3,21013.119653494494
99207,2002,292,54.07944838269673,4,155,3,29037.962882974425
206379,2004,216,88.51778456624153,4,241,1,38008.05575523062
56505,2010,332,71.44417728009722,4,161,1,25295.66346775466
87553,2011,141,89.06422773251816,5,154,1,15512.740242254979
192419,2006,335,50.16064070374486,5,265,2,51337.381848802535
247838,2001,200,86.71704232492738,4,296,3,48388.181828475645
267588,2005,284,75.1530111135838,3,197,3,44882.77843917827
202442,2019,129,49.68433748079703,4,196,1,30424.205849456594
204951,2005,256,24.208370843861164,3,236,2,42118.11026588753
196358,2016,251,24.218921080926822,2,173,2,33892.57422314478
267858,2018,313,23.696306740456254,5,203,2,51173.121634116076
202692,2001,128,33.47588823858527,5,267,1,26777.48544352137
174133,2016,279,91.08419377706723,4,274,3,28231.7632150972
112508,2023,345,21.093643082192905,5,292,3,35058.92798820666
15413,2018,161,5.887128709179756,5,291,2,21621.37854854106
60930,2002,220,87.70184906745531,5,227,2,17775.72641144131
170643,2007,186,75.05533628687117,4,214,3,31583.45538863786
172565,2009,305,49.47019268264111,4,207,2,39364.913351812735
177222,2009,277,97.42469847276435,4,267,2,46961.54213467218
271073,2003,221,8.13602620790723,2,287,2,48826.95638516483
262658,2001,326,76.94589261676883,5,230,1,40117.16384604101
113525,2021,277,44.746271743160655,4,263,1,26133.48099804222
28514,2002,284,61.277716783658,2,188,1,28520.04679827993
258726,2001,168,81.65077481684322,3,152,2,38990.813088754054
279347,2004,305,46.35954652733355,4,209,1,45682.94739961208
231427,2002,249,48.45698550153234,2,213,3,37501.93087970578
49838,2012,147,71.23820751472772,5,212,3,15888.287238021549
271225,2001,316,33.810032770065625,2,180,1,44874.499517477285
235562,2008,149,69.38902585803638,5,182,3,49230.46046179584
177396,2014,327,74.9469397460797,5,300,1,37613.59618246099
36204,2000,316,49.17269190058964,5,290,2,25288.193110310396
250392,2015,238,23.67084157283654,5,298,1,38068.80884982752
3825,2021,239,6.297076545501792,2,299,1,21362.28654626864
118670,2012,303,11.144018381743987,2,244,1,29124.935062244585
218173,2000,336,25.467396737888738,5,260,3,48711.41072758547
284149,2006,297,60.29999256657862,4,229,2,46423.255125560354
282965,2001,190,14.96054749843946,4,161,2,43786.855736393634
235716,2022,160,85.24126446264201,2,264,2,34826.461609590006
187744,2011,268,90.81356175970997,4,161,3,42986.063842949145
8209,2006,330,68.16469077127313,2,165,1,23985.803643916268
196432,2012,276,87.05733514188672,2,215,2,38116.9828509076
214184,2016,130,30.357435296676567,2,279,1,36465.41322786106
265135,2017,217,86.79160512688745,2,242,2,41681.55333805564
229445,2016,298,46.74669536504621,3,267,1,35271.34433938193
191099,2005,236,33.732799205754276,5,186,2,39087.20108805064
6996,2012,130,67.17044120411289,3,239,3,13345.932840817659
45986,2015,133,82.22029482066735,5,175,2,11851.164364334612
33339,2013,166,97.84938885400074,2,151,3,17579.141348057205
204960,2001,283,15.292592905709231,3,158,1,48181.975526916285
33800,2009,223,64.95661758502783,4,242,2,24606.172838324153
246873,2003,288,94.07295429533852,2,297,1,46144.169651467935
91366,2010,243,52.909590004904736,5,239,3,24413.922525056958
170879,2002,214,91.14307464100638,4,226,2,31361.200408988458
48833,2007,197,74.082330608493,4,217,2,23975.06243260836
139327,2015,192,56.13523590845488,3,199,2,30511.386320383448
56084,2023,154,26.964452822952712,5,264,2,25098.147745526312
289567,2007,266,65.80954010724876,4,222,2,48520.98188124385
63069,2014,294,99.2959611211869,5,212,2,28414.263407082133
251546,2017,309,54.44787268953686,5,177,1,40965.65076470657
38007,2006,213,12.306075951118745,3,158,2,29576.9918549556
159890,2007,172,79.89889113310075,2,188,2,18875.025740663703
192419,2002,259,18.09784423009955,5,205,3,34688.77723678872
275180,2008,346,34.898279322484115,5,272,2,58308.464679688834
103136,2005,344,59.754529265356,2,160,1,39295.621721825024
134473,2021,131,61.87866870107734,3,257,1,19222.924104201968
218956,2017,240,94.84943607777717,5,199,1,31760.94211525569
132305,2006,178,19.166713244965244,2,291,1,36804.643729288866
35235,2018,287,66.49081783684493,4,173,3,26417.468782241194
46999,2022,203,15.8078221777804,3,169,1,34512.809974499156
214841,2012,213,71.84841709835733,2,154,1,36697.68752040185
274732,2018,169,78.94930851644577,5,242,2,47236.68089783701
201325,2009,178,68.35389494105166,3,201,1,39043.69132519234
197127,2002,274,89.7470493595738,3,226,2,35466.219077334616
224863,2013,199,86.12019595454308,4,188,2,34477.072951734466
123696,2018,236,13.693515162780814,5,195,2,31026.265246786894
144104,2018,258,86.334304506379,2,209,3,30321.248676431744
281404,2016,149,5.353732407637287,3,252,1,36053.66568670788
125939,2011,325,51.18975332331465,3,201,2,31050.161650561404
222223,2012,197,56.24138998070469,4,289,1,30552.12806113725
67860,2013,252,68.89049122517535,2,284,2,27366.142306840164
74332,2003,275,79.54351472403123,2,214,1,29619.2719495603
104747,2018,146,90.95267399213114,2,259,1,30556.79482525852
96613,2021,298,70.20649999114401,5,227,1,30509.992678744387
60872,2010,128,59.44262533325666,2,234,2,22658.170753261405
249855,2020,261,76.51442008769818,4,151,1,39464.182645518034
8801,2011,243,48.15489504846814,3,157,1,21537.779776121326
21106,2009,169,40.63224718074884,5,160,2,22406.9067173072
61484,2002,250,24.53585533241292,5,263,3,28380.952016244402
123107,2010,212,54.31605823678618,4,276,1,25344.195081957056
199784,2017,237,21.83542162784306,5,187,3,37651.33708433453
209730,2021,246,54.76881758228093,4,192,1,41914.04944188646
261607,2022,208,31.945769672237898,5,233,2,35987.71015276086
216904,2009,173,37.563732068464645,5,257,2,39444.36720097794
141714,2003,166,76.44986839344018,4,300,2,29589.733635089877
259427,2014,189,73.75532733979105,4,219,1,34597.33636067437
57459,2000,144,48.17651946353467,2,275,3,15961.996463400428
170415,2011,342,82.67313346020076,2,194,1,32477.202992395072
201204,2008,182,34.05429094331343,4,272,3,32915.282622906874
73912,2008,315,61.59654385051977,5,224,3,42391.48618093273
49196,2014,183,95.98526985050225,4,285,3,31452.725390405936
291237,2001,250,91.32759027181397,2,274,1,47223.65703538555
61667,2011,316,98.26503830998294,2,201,2,22042.749041390114
25681,2017,279,41.84588138645263,2,300,1,30174.105563122394
2406,2017,219,54.457462787047454,4,201,2,7227.782618582123
25878,2015,141,41.78737007856742,5,295,2,23148.724866237702
238679,2012,149,17.69184321205172,3,259,3,39410.60692862379
139092,2011,162,23.27362861108434,3,154,1,31785.62463047028
269583,2015,241,47.351179700882135,2,260,3,49768.617737324574
42644,2021,142,72.26073730190808,2,253,1,12275.345458871778
34180,2005,275,20.4823972016054,2,273,2,28896.921582913965
189774,2004,202,22.417045478721512,2,150,1,36438.93771307693
98601,2000,234,69.22621107249793,2,168,2,34493.113379288465
36921,2021,220,56.95749019099188,5,230,1,10242.252950023529
170722,2014,229,27.278229679147614,2,175,1,36437.82581233071
94328,2022,315,30.022957201638217,5,275,3,33456.34641441534
12309,2001,233,53.401850143907176,4,193,2,18713.147641825683
113298,2001,221,45.91098360394417,5,280,1,38101.39960363902
270327,2020,134,61.679879555410764,3,172,3,37515.24378393902
19542,2013,176,12.12305507556762,4,179,3,14817.424181663753
160355,2022,240,84.70700230537773,2,208,2,37637.153491464094
110883,2018,202,88.92717059947815,3,281,2,26528.95925731324
22026,2011,253,52.835803624247376,2,266,3,16193.64935866735
126685,2012,274,74.15179701117894,4,257,2,29166.679222448533
267417,2013,158,30.062839782441063,3,197,1,29370.86489613711
112616,2001,307,85.95432440952685,5,245,3,41286.477326664404
94891,2015,242,9.51277660679726,2,223,3,27133.207927639356
161913,2011,172,42.47356201578085,4,295,1,37545.552239975936
136689,2007,244,52.22309148892049,5,179,1,41715.12586510849
121616,2011,260,12.143347517377917,3,230,3,26662.15581983691
297530,2005,133,36.62280038472206,5,234,2,43182.374333677646
89844,2022,215,30.779603644499247,5,252,1,24180.2475078855
275127,2003,194,12.499582528329036,4,294,3,41499.339187535894
267465,2021,334,69.72164397489175,5,177,2,51189.97539960109
284145,2011,165,17.75196966170017,5,220,1,47967.17178639375
246603,2007,126,90.58231760541291,3,207,2,39909.08321805483
153254,2023,268,12.24465574273618,5,281,1,27517.897400567395
159469,2008,300,54.88330903673894,3,261,3,46672.37816901111
27536,2002,273,15.357393622713557,2,156,3,23815.078479753534
153653,2021,349,39.842644035928664,5,173,1,40834.21116556838
30276,2023,146,17.030537173259226,3,165,2,22657.63961916313
295069,2004,274,50.00218320858774,4,280,1,45623.340572229456
263641,2017,249,46.24794802433723,4,186,3,36503.27862330152
188969,2000,152,87.60698953030307,3,235,2,36219.86142902985
74638,2013,129,77.30298542072092,5,272,3,26971.50649083248
288882,2015,193,84.40603522142354,5,155,1,46280.95651417141
8011,2015,342,37.972192949403436,5,163,1,27070.372737185564
44847,2021,258,12.430944098169125,5,279,2,27984.4960027221
15517,2009,291,44.27068854225342,4,225,3,11110.668612619615
79028,2013,152,43.248687212436785,5,205,1,21359.49624950181
249433,2015,218,25.94314625925585,4,253,2,39148.984081977535
296053,2000,248,80.90165005283684,3,243,3,54081.82052165335
3191,2012,234,90.8342034825042,2,192,2,20639.593137029216
288282,2019,216,84.1536161026511,5,162,1,40294.73644282652
234787,2020,257,6.312045640065719,5,157,2,40942.118835271
290443,2016,250,10.713366382725832,2,281,3,42850.084339234076
274118,2021,211,75.39439943330807,4,181,2,43351.54789538501
40134,2023,197,45.51729100449997,2,250,3,18052.09051613272
105146,2002,184,76.9187425467879,2,290,2,30170.074262771886
235918,2019,181,50.05510623659858,2,248,1,36328.06524421658
205845,2003,182,38.77481799273252,3,177,3,45558.64204301565
104706,2016,204,86.01907387602171,4,200,1,36142.30603467946
214919,2023,339,86.51079797789303,2,283,1,42005.55913139187
233122,2023,162,82.57481380100597,4,254,1,31779.54378645905
239564,2007,249,39.99970235784027,5,201,1,49198.561753326925
96522,2009,305,12.24718833286413,5,294,1,32657.79611580385
294762,2018,261,62.41596117777244,4,166,1,45755.92167946991
297639,2005,125,48.65627316214326,5,254,2,36730.28132340489
105004,2012,328,29.499374698966395,5,182,2,36376.99797366818
38949,2000,318,6.092985521379776,5,266,1,21408.727695967867
70545,2003,163,63.779639398329586,4,237,1,21729.978042712402
277276,2019,179,28.149216931447853,2,166,2,37686.319876532594
190451,2013,192,47.70053582743764,5,213,3,39809.400350794356
249420,2020,156,7.590984173992168,4,265,1,44066.02228090323
22730,2014,150,26.27695309463904,4,224,2,16508.306830183916
148380,2021,217,42.99182908958772,2,200,3,30874.983482426433
269713,2014,336,67.0681489427435,3,184,2,52987.48618561951
99786,2015,269,32.87367530447555,2,265,1,17547.25301786064
57429,2013,313,97.6472729852762,5,251,3,33954.534486444834
150720,2015,325,70.52033154642132,4,164,2,43225.08912993387
50750,2022,291,40.720176276389594,4,204,2,28780.073840949713
85290,2011,323,31.640738369013317,5,227,1,32186.08747053239
78554,2019,327,75.98500000581684,4,278,3,29804.46339653666
204217,2006,231,13.764065463493568,3,216,2,40304.39272995112
12490,2015,157,68.28831978292406,3,287,1,9467.585091239032
11995,2009,304,79.44629253976436,2,291,3,18025.663992859932
250964,2019,160,91.81517261216837,2,245,3,36782.847013597275
55753,2022,127,39.14042306692003,2,192,3,17837.789499661794
124620,2010,169,41.379212788739274,5,262,3,25008.27389667863
10979,2003,212,53.8113861622717,3,182,1,12348.069720491947
147281,2013,214,68.00883530859625,5,243,3,32390.27501221699
23492,2014,141,48.6115092889152,5,155,2,16949.628779421233
33964,2001,164,74.97282166630576,3,203,3,22566.49270509924
168233,2021,250,80.14522272149345,5,202,2,29966.86724327723
127110,2004,319,12.482306944692175,2,262,3,21466.099168024364
88580,2012,346,99.97961143586821,2,161,1,39075.51497269597
266293,2018,186,71.1066570489593,4,192,3,45938.62697395969
105577,2007,310,51.53863358227115,3,184,1,29123.876133300582
225209,2001,173,48.04503536961425,4,230,1,38826.28516833296
98750,2019,152,25.869851981624766,3,291,3,19899.67839549868
260217,2020,225,51.623747809496386,5,267,3,51015.696022933735
113929,2000,133,80.62882710933432,4,229,2,18097.703932561024
55936,2015,183,16.188583095796563,3,274,2,17726.28749835681
143935,2018,263,11.141425819083645,5,220,2,35634.25360936939
145407,2011,252,65.31321045036611,3,189,2,49003.927202995095
74719,2003,297,53.88256732109915,2,263,2,31634.286968715704
148702,2010,261,78.69621349445536,5,279,1,33237.78520273512
174471,2022,272,5.746810262516932,3,253,1,30643.476456493303
132764,2019,169,36.461802233685454,3,175,2,30801.765288806535
120670,2021,129,64.25160466946707,3,261,2,24452.718309280142
18051,2007,125,51.61047524404796,2,231,3,11219.551177667276
52795,2000,291,96.00351651302356,5,196,2,28547.24806383275
262644,2015,166,73.70473400762708,2,156,3,43533.01538715866
204637,2020,181,49.61081153590445,3,188,3,39786.85828233098
286291,2006,139,21.226960100374068,3,277,2,45247.13506080693
111568,2013,314,31.735112420415057,2,198,2,29069.726680552772
7900,2017,155,51.43020087325878,2,205,1,24401.606404992297
235639,2001,181,55.43932191431644,2,159,3,44282.42450651407
98987,2000,343,38.8535560619038,4,237,2,27812.972990181082
157330,2011,200,84.60920468248183,5,240,1,32503.511426894383
97107,2005,328,66.47771936842837,4,295,2,33211.63645008888
60215,2001,197,92.7428889889615,3,193,3,22443.799981881803
91235,2003,322,42.00748963293187,4,167,2,20679.08452271378
58675,2006,263,59.993313171604356,3,206,2,27106.129377868954
32044,2006,128,6.413145125656412,4,214,1,18479.903198587046
15084,2007,238,68.94832026593781,2,265,3,15415.36366375177
18867,2001,209,33.77317920355922,4,173,2,20152.977584654145
104190,2004,191,52.42703229467749,3,279,3,25930.352906943815
241421,2002,200,37.51859164040329,3,255,3,47791.349958101746
180325,2000,292,28.30963231630017,3,168,1,39350.81059354763
173856,2003,210,54.92911699743678,4,207,3,26774.803226568918
212743,2018,242,42.11051946488991,4,238,3,39079.0542430401
17963,2010,158,22.154351382113415,4,299,3,21717.064833181867
285005,2010,244,44.74645186201907,5,167,1,52304.799678003015
40884,2009,135,26.81829748835271,5,262,2,15952.832406381698
92918,2011,243,75.36234343128946,4,240,1,24983.820576123595
52116,2001,246,18.423551286681935,3,186,1,23499.134570509596
145251,2023,237,43.01208867152323,2,241,1,24363.86074449478
46754,2020,335,85.05732222269704,5,268,2,25876.501395149757
19073,2021,303,15.84059717082424,5,264,1,23437.271585836552
188657,2004,216,13.814745824019758,5,228,1,36760.431142938025
152586,2008,288,32.85360481360475,5,260,2,23886.0608970413
251315,2010,247,85.66038403706611,2,287,2,40242.84735013123
63341,2005,142,83.076222407218,2,231,1,25037.46884689583
46145,2001,214,15.167879318080548,5,273,3,24971.864031981786
54398,2015,347,52.776903125111474,4,269,1,22647.772975461798
90766,2007,219,6.143075705104659,5,261,3,26589.312475034196
111504,2010,299,85.69953338681728,2,255,2,40651.01411635202
228277,2019,253,44.541319308951195,5,164,1,40783.702735743114
109846,2011,228,31.24826426924279,4,230,1,16244.102879146765
232721,2003,313,76.68923637846228,2,177,2,44507.26000447943
185130,2011,297,93.09422292223417,3,190,2,42272.87252724546
162410,2008,313,12.014431402562755,2,209,3,42732.47659327591
112469,2006,324,58.63968158871265,4,191,2,38661.51221028351
265420,2017,320,71.1160703316237,4,266,1,48365.442625691736
200830,2013,271,20.386854007858172,4,188,1,37023.19331511051
299398,2012,318,23.388174608322895,4,259,2,45759.75842703944
166500,2008,165,72.80768878964244,2,153,3,22954.301315922567
70741,2014,244,44.61788972893607,4,265,2,30208.964623632644
95916,2004,308,84.41748216639722,4,267,2,26569.969950384682
123786,2014,232,43.14670130721417,5,280,3,34879.22678617498
253184,2006,216,82.1310287578465,5,282,3,37807.2363828489
250432,2002,228,71.41788937654043,3,153,2,46089.008832545864
11072,2013,185,36.42176692755178,3,288,2,17218.809993864972
120384,2021,147,37.77246880658473,4,287,2,21025.3138075899
20058,2012,306,32.47299098109382,2,254,3,27069.852909431236
100350,2005,174,77.12758893566769,5,202,3,19609.056363288022
146774,2016,176,19.153368231210713,4,240,2,30869.150918795745
269928,2003,301,95.46467877432657,4,241,1,43967.84649601415
90662,2018,127,79.3042415716299,4,296,1,26469.510616381478
61603,2008,189,16.524819725617483,3,207,2,29512.709616443415
112362,2006,128,96.51918058696015,5,199,2,24045.04701509794
62789,2009,344,15.47367563496189,5,217,2,28189.03235313966
242596,2012,250,30.943148263557905,4,194,3,37361.23431189713
17187,2008,253,61.28969526508711,5,263,2,27004.80877809133
298322,2013,235,16.419362572069623,4,199,2,52081.72174475434
221636,2015,154,33.84501397895484,4,169,2,32954.98178066189
277668,2016,245,66.88806546495739,4,153,2,33371.79714160804
110104,2001,206,60.12858392407493,3,215,3,29760.525553106283
128869,2002,302,58.24335596188398,5,250,1,35634.13730130721
150040,2003,317,44.14627488961942,2,180,2,33421.309031030076
258704,2009,160,73.22068144101229,4,254,2,37616.70045478065
87712,2019,284,43.53187294451892,4,238,3,25676.522870267036
67581,2018,141,57.86405728213866,2,269,3,12736.080373895089
45366,2002,128,6.241510812418632,4,208,2,23154.388065802465
103817,2002,328,84.52193508588911,5,155,2,34517.44913485463
194095,2015,237,23.7717939223846,2,206,3,35216.55974234714
293496,2005,150,75.2665408712975,2,218,2,38259.41546743259
103952,2006,199,36.44383452658555,5,187,2,26379.680036899743
203480,2014,205,53.703445658582005,5,257,3,36684.330968965274
102859,2020,262,61.93474842634708,5,178,1,28274.988642921235
255088,2020,278,33.278606769799744,5,261,2,38154.00352149511
30577,2011,260,76.72342866363702,2,197,2,20287.863834010695
192514,2004,184,41.46237285226715,2,221,3,38340.635613499486
218671,2023,330,27.474750201817262,3,228,2,38793.55180864962
2655,2003,261,92.02302613573694,2,264,3,17287.755860533478
168700,2002,295,49.41434264470916,4,229,1,36150.75211454312
139356,2001,188,60.18385575042305,3,202,2,28490.732203669217
172889,2018,322,46.64068354201311,2,231,3,38931.846105232704
60665,2023,272,86.01468148984442,5,260,3,27902.31415032169
293640,2016,147,71.16904337830063,3,297,2,45463.48611823032
196565,2020,278,74.83371300339972,2,241,2,42546.2519519391
186209,2016,262,23.163288217162634,4,150,1,36980.188806630926
96071,2005,169,17.239739284471806,4,265,3,28628.831523904766
75233,2000,250,83.31771754189145,3,292,2,32597.73245271165
37816,2012,309,47.49850479373808,2,210,1,31450.561909682514
63919,2020,301,88.09937051219588,4,208,3,24237.574469589243
72573,2003,284,99.70966225679219,4,153,1,24806.060443427756
124868,2021,259,53.4515496899709,3,292,3,40609.59438505405
142164,2009,221,6.945829711016368,5,160,2,22502.002700947316
288112,2000,297,87.61756080403637,2,225,3,54794.75068893024
105852,2014,290,64.57104073186896,4,163,2,20606.017397857886
40515,2020,139,22.093773403972143,5,289,2,14812.780646188201
13610,2000,145,30.253729246094696,4,178,1,5666.794333342377
259678,2014,250,67.8437196210411,3,288,2,46430.075505421526
114480,2008,187,13.174217156878697,3,261,2,26478.937106784306
204672,2013,193,31.844862538729615,3,188,1,35452.9740827045
66750,2014,162,85.60789338759996,2,211,3,20764.18482812817
198695,2018,148,73.13701690946672,4,285,1,34152.58124349934
80904,2013,306,41.52546396873556,5,176,3,23168.606960030284
242406,2010,308,11.201781487549468,2,212,2,48246.264613120904
247485,2017,236,12.848993075272329,4,260,1,43101.71498700843
126010,2022,308,46.41484493033606,4,153,2,30106.07284165515
75711,2012,336,42.03424101877541,4,249,3,30521.128142958212
222423,2017,297,95.5197299338354,5,156,3,47053.67533726532
15125,2022,183,48.41620176439211,4,281,1,12976.023920743502
273922,2002,326,65.84872269262495,3,284,2,56485.756842084156
246662,2021,275,23.06248863745735,5,265,2,42878.54897487666
40913,2017,172,6.325416268402321,2,242,3,17584.178160114523
83575,2013,348,26.288620419154064,3,280,1,30868.078909014537
145536,2007,182,8.351831597303091,2,179,3,25759.183803989028
264157,2012,266,28.052323182045754,4,218,1,44318.32773785054
104399,2005,301,75.19812215763376,4,254,3,33481.43483264599
120868,2006,172,32.44766576269151,3,257,2,30608.05215868405
264201,2016,270,46.408223011160274,3,185,1,41958.92324965693
182198,2005,148,56.392670129520866,5,160,1,27435.58930818162
55717,2004,289,50.22912754148079,4,218,2,31380.982574073845
195735,2011,267,50.57596140268262,3,228,3,20117.84500445922
75983,2002,177,35.57154598705647,2,276,1,28360.271270264355
74300,2005,235,63.287988490923524,5,166,2,31481.397141722286
183575,2022,280,53.08649627474597,5,200,3,41186.82532999397
10540,2005,163,55.65864994375323,5,279,1,20072.71592717444
156576,2018,145,12.69536804789963,2,152,3,32332.850386060512
5218,2008,256,77.27409341318311,5,266,2,21643.016882241383
244460,2017,313,98.26714386039319,5,249,1,49227.996096109426
249037,2015,238,73.12261054750935,3,293,1,45104.60589722902
52075,2022,224,80.45865000666403,4,209,3,23327.8753127452
133918,2009,293,23.64841467078316,3,280,1,37393.97585932797
212330,2009,287,85.63143124708463,5,270,3,53961.24764638666
17491,2007,233,57.88343701329857,5,232,3,20372.223724406853
289029,2004,207,62.737147239055,2,214,1,43427.843474532965
26641,2005,280,42.76981651490194,2,208,1,21220.766178921338
246689,2008,262,46.69753104079572,2,277,1,45912.42915122216
41346,2003,132,75.10606775404962,5,150,3,14828.873582108703
194821,2003,206,72.26097895287275,4,226,3,40538.87474965079
261459,2012,164,36.62050093171814,5,182,1,40213.33178234271
125968,2019,192,75.59080396914828,3,211,1,26077.539271866346
153102,2013,217,79.68627897881036,4,166,3,30095.60968831896
35971,2018,199,6.736318720198545,3,228,3,17356.915963262676
107824,2005,246,97.63866866063661,5,160,1,29421.861121406524
20334,2000,192,38.01409879191107,5,300,3,26745.312864732325
148986,2001,198,67.32905343281907,5,260,2,30714.044410789727
245807,2016,192,93.91605390665858,3,297,1,42084.086167411704
65370,2021,338,36.717268550586056,5,159,1,27281.289066859823
256899,2002,125,88.11282393825542,4,248,3,41259.49824945204
269999,2013,167,88.72248508423601,3,254,1,42050.34584826201
54297,2008,130,5.4236987414312345,2,246,1,21374.679897491194
21634,2019,198,53.31110900506072,4,283,1,23083.466306155213
260205,2020,172,18.367868218812045,3,219,2,42902.110967252745
183417,2002,181,33.48772108115765,2,178,2,34154.36645783796
117047,2017,242,53.718343930245204,3,277,1,32970.18364238494
130411,2010,231,77.77907055806385,4,258,2,28032.109135910472
207239,2005,250,99.7116322972005,5,219,2,33512.98206996374
81669,2013,280,15.432189357660224,5,159,2,29353.93612441433
145572,2002,222,39.091361426809144,4,165,1,33857.1657682805
15706,2008,150,51.548968303072215,4,222,3,23535.408232852984
72245,2013,224,83.10198863613896,4,235,2,24966.40644505296
275569,2004,191,7.460973217376951,5,276,1,42369.08000764641
114633,2010,155,43.71680366001906,4,253,3,28149.52473976834
255338,2017,238,11.844405642347425,2,239,2,44840.12812413665
216485,2013,126,57.351500103384566,3,258,1,33802.83429199996
129169,2009,343,79.63760428465937,4,287,3,42020.659008574905
291472,2020,292,36.64687472715968,4,217,3,49758.06194036387
238199,2004,186,22.83006243662547,3,288,1,40381.853077704356
196029,2017,188,93.76348067909328,2,245,1,28305.49141726876
24387,2005,160,91.25313988286403,5,184,2,18784.836306064724
292732,2023,237,87.41357687538708,3,179,1,47690.11668737286
37965,2009,310,47.28866401781888,4,167,2,21804.676660124776
57208,2022,155,66.36986606042178,4,180,2,20203.209196037144
135000,2003,288,67.83013083230134,5,246,1,34220.47100155666
282839,2000,194,51.986961244841254,5,267,3,42697.08244535643
48363,2016,126,63.81834385805174,5,283,3,21216.223998344263
164764,2007,180,84.1795831372542,3,300,3,16393.654317339944
230997,2023,266,81.58050801510241,5,179,3,39419.31597419837
42855,2008,266,54.916468079267545,2,203,2,22888.195775511413
176044,2005,295,96.77986342241694,3,207,1,35244.606232742575
146901,2002,175,84.52050374261222,2,294,3,28303.112689914957
243122,2003,285,99.92609586687882,4,240,3,38025.9910243201
122728,2001,151,31.621108441267808,4,157,2,27385.563105565074
34338,2021,287,18.759134910601006,5,173,2,16209.86197440847
223051,2008,299,18.97005164456651,2,209,3,49698.32190843357
193397,2009,307,46.529602151558414,5,267,3,42439.69383314943
286754,2006,177,36.90814275314511,5,180,2,50380.2584638945
224609,2005,157,95.22645126222953,2,175,1,30905.460939877354
76955,2018,268,72.92167196959986,5,172,2,26709.83875610197
230944,2014,127,67.29687087893939,3,234,3,38754.30115356923
262071,2016,233,6.2238371935980705,2,199,1,50532.94479845468
140636,2001,210,20.66031126754147,5,269,3,29369.464553884933
227857,2001,295,84.33608779982637,2,211,1,52613.58598905185
225548,2019,181,63.92596733528955,2,293,1,43154.3958618422
71679,2010,330,77.20874381835063,3,245,1,22924.26311749549
78052,2001,345,28.886255335981115,4,213,2,31976.465120399534
18350,2000,250,80.88311657673088,5,258,2,21377.33531851113
107779,2008,281,49.27409980223813,5,232,2,21436.22074263099
185202,2010,284,57.546206071382684,2,216,1,41051.5837225735
286226,2013,198,73.75366066132415,4,171,3,49121.19228627213
50176,2023,136,7.688105778594495,2,217,3,18078.66729037696
174274,2015,127,74.05699924351174,2,156,1,24457.273258689926
187469,2008,178,27.571755206777297,3,244,2,29161.695172262498
290913,2015,187,38.69364488350244,5,281,3,46587.19416392018
27930,2006,224,27.115192679857213,3,189,1,21496.134806214377
170779,2003,193,88.56627843920572,2,258,3,33646.38612571718
173234,2013,193,88.65042303967255,5,200,2,35100.409819889835
193539,2009,306,53.52451520593536,2,199,2,30503.24186467054
167087,2004,338,8.429059468860371,2,228,3,48026.44904943394
289213,2017,210,89.07396046504925,2,254,1,42261.60746073709
187717,2009,142,28.748046107386294,4,212,3,33756.33422516751
131864,2014,286,64.29259062771924,4,263,1,35264.02148125706
1913,2018,192,11.278237595256774,4,160,3,20357.086762615247
293000,2010,139,80.0308868176299,3,216,3,44324.48777587252
208372,2005,128,84.6792846444562,5,203,1,35491.765985637794
728,2012,167,96.58342578155074,3,300,1,18584.873232597256
283313,2022,287,88.73826311828978,4,236,1,47983.20561344841
197643,2022,192,67.06940687399828,5,214,1,41592.566491741265
254133,2012,281,28.23034001494866,5,248,3,55127.680151027154
8655,2001,346,90.40693875081428,3,204,2,28048.836249931996
101251,2019,212,20.525508223224175,5,227,2,27160.738659815524
5543,2022,192,80.4557550304634,4,234,3,22088.889458969046
13842,2020,177,36.75994379919905,5,293,1,25645.71810807984
159591,2004,308,77.6184879883057,5,293,3,35311.119900535734
111062,2023,137,91.01167141053838,4,193,1,30212.09193280585
278759,2004,264,10.38112760553074,5,236,1,49149.514829099746
254152,2002,175,41.76544009914557,2,177,3,38514.985592991514
168727,2017,159,54.12398883069653,3,194,1,33397.60815040893
216886,2008,171,48.14618558110966,5,226,3,40606.84288736305
89563,2020,286,68.80631032592163,5,206,3,27911.283479689722
294860,2000,227,99.19833477479199,4,287,2,49978.72579854733
189573,2011,177,15.5791412258985,5,258,2,31982.833954431786
212950,2010,183,14.711686139587075,3,205,3,36260.90881941297
110463,2020,239,44.15484055081411,5,285,1,22367.40364995724
5849,2013,313,51.57496450812887,3,160,3,17700.344436558436
51404,2009,309,25.921462118085373,2,290,1,26305.412700304627
30085,2004,157,87.95658707631695,4,179,3,19115.835722119777
228827,2021,206,90.58232051011589,4,170,2,48614.492053146554
177794,2007,206,86.96579763992546,4,198,2,40259.75412701424
202652,2020,180,39.250141099437755,2,178,1,25880.889483577135
68688,2007,241,73.5876379346952,5,167,2,24873.831355285383
162118,2007,267,53.241367223220266,2,179,1,38820.869560452506
187389,2023,229,71.28973524058433,2,277,2,37562.97977351264
43935,2001,343,70.39208199051814,5,299,1,26737.374927119505
60131,2001,199,53.614533729923146,3,181,2,20110.56165194085
129901,2017,155,40.43389984761775,4,241,1,27088.2952797714
279587,2015,237,38.22789318246337,4,203,2,46204.58278701416
147854,2008,184,14.023359553501047,3,277,3,31982.977706414847
43461,2021,185,26.35426463366861,5,294,2,26323.153174083378
56732,2002,313,32.89408457268759,4,232,3,31161.651576779757
241309,2007,158,71.31268911458658,2,267,2,45133.803802541865
244452,2004,186,64.23149516932716,3,288,2,48320.983014821344
77165,2004,303,37.848732549726975,5,192,2,32878.01980752979
85827,2017,336,81.30654839698553,2,296,1,25400.388597417077
291232,2015,214,26.370138792445204,2,289,3,37564.310893723145
88182,2012,229,90.3454534034464,2,252,3,29848.49528189804
221533,2014,273,62.33541785612227,5,269,3,41177.20608805165
7239,2017,260,84.00569818250393,5,257,3,23113.805445782462
128711,2007,222,19.40813641807782,4,164,3,33536.96373015494
166901,2001,144,27.64669741660265,4,212,1,24969.331352039935
101739,2021,342,19.064234366277184,3,247,3,29793.105028389902
43014,2014,168,84.3998985335144,5,217,3,21456.619353580398
136710,2009,266,61.93069819987501,5,188,2,22677.82358335236
4273,2020,221,51.625483365762264,2,169,3,17846.240342108344
13089,2018,162,97.25437040937753,5,171,3,25596.29430261155
79451,2014,134,73.35574856682626,2,259,1,24401.52154559131
258860,2004,217,23.8268522222065,5,216,2,50066.84968094396
239282,2000,257,86.62282199601339,2,269,3,38185.59248952373
121092,2013,186,16.349293332171662,5,220,1,26630.43543206592
3951,2007,188,81.36924402287413,2,268,3,13576.14501246993
225683,2013,300,70.82214268733408,2,294,1,40388.23210178146
61414,2003,230,30.039794619678368,3,211,3,23427.64628030658
77384,2004,180,77.62575202028273,2,262,1,25085.93023496248
124419,2022,214,21.505808453595897,2,286,2,26076.250515367446
160768,2015,141,71.85804101964999,3,228,2,21317.098770630037
99332,2001,320,29.205670946250635,2,195,2,39812.091786013436
161671,2016,148,23.320375363210907,3,213,3,25189.3238289432
269796,2014,237,93.77098817715253,2,212,2,49251.550310187056
180302,2010,299,94.56231986708165,5,213,1,33738.869532315366
236572,2019,333,19.58242284934847,3,223,2,50877.29108188531
15610,2023,266,29.102387748884613,3,210,2,21816.936054596892
39686,2015,263,68.51373714473235,2,248,2,31076.981399255754
92846,2023,310,24.999317760675293,2,233,3,16974.44605856039
134777,2019,129,28.314966934667734,3,179,2,30116.6919499961
156585,2006,237,83.55992010642889,5,173,2,44219.86011488132
247680,2022,227,63.6887064370487,4,210,2,39210.30279404104
32629,2012,253,55.625656639300765,2,245,1,16747.372814235627
297261,2000,231,7.738137892113542,2,268,1,51277.27033899132
163106,2006,217,87.63208066705045,4,234,1,29378.00580051324
75676,2023,328,52.715549861693866,5,216,1,30888.232150117306
10467,2018,273,61.7262721550958,3,289,3,20738.317483405448
50185,2004,174,82.16582182858787,4,287,2,19806.875290917316
86018,2019,316,35.64064508793843,5,209,2,35679.65935613828
187429,2009,325,86.16295157630556,4,160,3,43137.416966565994
248478,2021,309,97.31116255855999,3,178,3,41681.891895012115
284069,2013,231,81.14248253787557,4,298,1,45959.387156563556
127945,2007,193,57.658458196605245,3,273,2,23290.516556103004
111345,2011,241,87.6884961343852,4,287,1,23892.23659471726
223472,2012,336,9.243242961816664,2,183,2,40216.8941810599
110006,2007,334,76.77549271232537,5,167,1,39734.1945741407
54042,2007,300,22.15589419280466,2,229,3,23856.64755773759
193658,2014,133,20.091189635894796,5,167,3,36076.83452575921
18831,2006,329,84.11466336625539,4,250,1,19584.945851714456
33217,2009,308,79.12000277637625,3,287,1,28397.497253244746
77440,2004,140,70.5352981605124,3,162,3,13957.89213588562
119983,2019,167,87.91589271609962,4,212,3,25009.391144175155
152261,2023,278,23.01976942465941,5,257,2,28952.11694000718
74284,2017,272,91.30489222458463,5,263,3,23048.590167914517
224696,2005,200,97.68598449094847,3,264,2,37253.845955494515
145216,2002,260,87.38673318091841,2,272,3,27098.198537075878
247585,2003,349,51.92824600241,5,199,1,48647.36143632856
189023,2018,173,16.490567749347857,5,169,2,26220.57929748112
41581,2015,322,7.7122918058175545,2,233,1,25681.910220114412
36495,2012,205,23.83339830138503,3,169,3,26768.29154326439
272434,2020,173,35.93925747191421,4,257,2,37517.486656650886
149372,2007,348,68.50976862117078,2,259,1,44797.40146604161
27931,2018,193,61.3890100351769,3,175,3,16857.353575562713
202367,2004,137,65.76810688073483,2,229,3,27743.629882472458
20175,2004,245,94.97389067334872,2,296,2,18923.72393935403
161833,2020,278,41.96022729686782,3,232,2,36408.89260205161
247242,2016,319,34.469496476607475,3,224,3,48140.01251794092
135521,2019,229,95.9683768278856,5,189,2,28856.533899551672
40199,2006,193,63.82088213245854,4,153,2,17886.081913974693
230560,2022,308,52.80521251254966,4,277,1,44734.8265216431
242968,2019,146,45.1999417588058,3,195,2,42805.30515869987
194329,2017,258,49.812797143235755,5,277,1,41373.18823692716
168281,2003,252,6.0160065477732605,2,263,3,34986.52973008337
255441,2006,317,20.928359999175782,5,171,2,48906.644494779764
3468,2019,188,87.51749549311792,5,283,1,14619.944745913499
111804,2004,244,61.42880192345235,5,191,1,24019.586730087183
14040,2014,151,9.547416025968257,4,250,3,20419.432718687873
167494,2018,193,22.337403531106915,3,239,3,25834.682468295134
292669,2005,277,24.830065636526104,5,164,1,50712.71190920421
122772,2014,344,64.02665812868133,4,228,2,33718.055673043054
131014,2005,275,64.50750728070057,2,288,1,34554.70484280681
228548,2022,307,79.6839614317699,2,242,1,27018.572921100473
182224,2018,242,93.62656251798401,4,252,2,36315.52622109699
69278,2021,208,42.92992348522648,2,174,3,16944.95134580923
74970,2014,339,61.63029908197724,3,163,2,29745.095172512632
250495,2010,292,85.93094849884002,2,295,1,52688.242467555196
186204,2020,139,72.62823814902313,2,229,2,33512.664565822444
27771,2022,175,46.729177609285564,2,158,3,24312.934460082903
56737,2003,194,83.83200096293024,5,201,1,29890.054477725036
35433,2006,335,23.75150029530336,2,266,2,23691.397522711384
51186,2009,316,40.091137391645674,4,216,3,25031.471619613767
134430,2016,236,58.82523814962497,4,245,2,25971.8737297766
140116,2010,184,50.539115233570456,2,189,2,29800.495896559773
229458,2020,174,7.114702374922523,2,197,3,37445.29297751114
249369,2023,159,29.96021758077516,3,287,3,35862.139742952546
191039,2000,206,64.65581179268678,3,282,3,33340.61676508764
3652,2014,262,68.90283840278383,2,283,1,19210.44115706856
237931,2013,223,90.59269124236475,4,204,1,38367.88779390756
70803,2013,268,58.85395463633777,3,290,1,17907.602377933654
112953,2004,177,28.145415025155323,3,151,2,35438.788963302206
253682,2000,303,85.92298685848324,3,170,1,55638.17172728065
133099,2022,239,88.01511459067801,3,181,2,20589.428966851592
237290,2005,195,16.131713327498307,3,277,1,33208.66066960963
102856,2009,140,32.29386355202899,5,298,1,22899.239117934874
239030,2021,310,71.75084741826718,4,269,3,53113.01412204683
198820,2007,215,8.318621630909512,5,264,2,37250.50317491428
240003,2007,338,85.45466483735954,2,284,1,41555.78654333335
213508,2014,238,36.667625842676806,4,274,3,37701.74556321413
292182,2017,245,91.11248453375855,2,173,1,41084.241802794044
190482,2002,151,51.81129379609124,2,201,3,24597.307007458952
155221,2004,302,91.38916882215835,2,187,2,40989.15151845366
115910,2020,272,5.786526108183536,4,150,1,35684.31343928879
144066,2023,134,23.006001126872892,2,230,2,26325.029770247107
130711,2010,291,80.34846125090947,4,188,1,31297.522950218558
164263,2010,239,47.447022163804164,5,214,2,37467.774263303654
136270,2016,333,73.90313071162332,5,180,1,24001.30056269204
147595,2023,173,61.22657798122884,5,210,3,28460.06398076839
283363,2021,176,54.51385615655418,2,251,3,43234.73964876259
153183,2015,179,8.784069924827286,4,280,1,30033.363169898577
133523,2015,242,31.322150713940808,3,150,3,28895.75539710642
165714,2008,222,69.46077698136597,3,253,1,27792.834471677896
259879,2013,308,95.09278925480716,4,229,3,46757.586230339904
24013,2019,343,63.30742127323345,3,181,3,19548.90072820217
38724,2008,275,70.16437497592112,2,183,3,22455.96231072395
48056,2020,187,66.75591172313834,5,254,2,15259.717647936894
253355,2007,155,72.97411276522388,4,193,3,52424.6773939101
156318,2015,133,26.96166538934829,3,230,1,29042.496386277842
3978,2016,225,80.72627548628147,5,263,1,19957.717775815658
144570,2006,227,44.652906290849245,5,186,1,36095.183759628104
290808,2021,253,57.58795973710177,2,202,1,46354.0698287902
172689,2011,305,47.424216501243556,3,299,2,46313.76400292206
258085,2016,329,50.46573339386052,3,157,3,48226.217244321815
195391,2008,340,82.49481545850023,2,158,3,43900.430605808906
281697,2014,209,72.84322260429848,5,289,3,51965.846856828124
251925,2015,219,98.61349764673123,3,209,2,39529.54889787241
4320,2010,160,82.5937850329848,2,189,2,10784.35294068407
116999,2018,263,35.38109369824742,2,294,3,28039.54533754344
54301,2000,195,75.02995525981684,5,277,2,25876.003033950783
134322,2004,239,63.17632186950108,4,174,2,37731.31460301033
257421,2001,269,75.32651136411349,5,244,1,46429.75717781309
88139,2019,270,70.06664430286949,2,281,3,31585.128235198554
93536,2007,255,14.641466835005511,5,288,1,26786.71298861158
200700,2016,279,15.898580395297511,3,211,3,34720.92916765097
225277,2008,290,74.77718893689853,3,203,2,45186.855489887006
108737,2017,166,94.12288950882058,2,202,3,20582.513067858315
161382,2020,125,43.49550426750099,3,250,2,23565.564442269442
63003,2018,157,66.35640938163367,3,235,2,22699.995580397994
283167,2012,196,45.413657730908334,3,258,3,51200.18171983271
80714,2011,212,63.78057076150904,4,225,2,21045.414157652365
258773,2020,190,60.31900826114504,3,227,2,28924.859225981345
90797,2010,159,83.4594412886061,2,297,2,16642.56070176459
110967,2001,242,41.97957220376557,3,199,2,29811.356436300248
114197,2022,303,49.446709107032085,2,221,1,30108.760135490716
280355,2019,300,22.3357669963588,2,203,3,54119.08816930856
81084,2013,337,57.4818362739838,4,250,3,25029.964773974632
42506,2020,157,77.23347921130583,4,168,1,15814.939011399882
283631,2011,290,77.24672418359883,4,201,1,52664.90268600488
65317,2014,291,67.8667405935726,2,178,1,31056.615619037148
41942,2000,163,64.42849182134327,4,195,1,12047.203765797742
175268,2001,225,94.36506707576514,4,161,2,36580.189280896484
258616,2004,228,65.42659342059092,5,185,3,50837.973354885406
272120,2017,218,25.174818370227232,3,187,1,39875.95667568278
135302,2002,272,8.477427865553615,5,236,3,30704.111544430947
249769,2001,205,95.59020173542956,2,175,3,48660.68464124204
192702,2003,282,79.91467796903078,2,188,2,43287.29854028228
115206,2000,245,32.07284273334289,3,234,2,27577.914358395483
105545,2009,279,64.90355665541668,2,156,3,25548.06111073811
39028,2007,134,67.51284907811987,3,221,2,8908.11065780621
104864,2001,228,17.973858624198105,2,156,3,21896.750653659987
232366,2003,268,12.489776522093155,3,260,2,57349.92910505854
281089,2011,269,42.0063424686557,2,233,3,50285.69375593302
236994,2016,220,95.15564277655128,2,236,2,47384.645504472865
138581,2003,316,52.643057706042626,3,197,3,36757.9663464796
263446,2004,176,77.94820081081258,2,298,3,43729.18173714479
118555,2022,310,95.27058608526424,3,275,3,27809.585603118787
47569,2017,312,82.78666526066003,2,257,3,21757.768745208417
239101,2016,276,30.912697377620077,4,247,3,42511.380894961534
173459,2018,338,90.21742911556578,3,248,3,44507.17173786387
69669,2020,232,6.547720461361154,5,206,3,20548.840107792115
37693,2002,337,99.73118506803671,4,210,3,31045.74362858193
197192,2020,216,41.44489738444608,2,300,3,34956.3106355729
199151,2010,309,77.80229477270134,4,187,1,37611.284740995296
178757,2002,324,78.51504475759292,5,197,2,40852.65543513293
247187,2019,284,63.00231283185104,5,179,3,49856.37744330104
48740,2003,160,47.73435703465868,4,178,3,18232.938132228388
215020,2012,172,84.4078764322231,3,239,2,32557.100194413157
108859,2013,285,70.70673987171351,2,207,1,28995.714242568647
145091,2004,189,99.87226838868229,2,179,1,35608.5135111241
128892,2004,255,34.80375291873098,2,235,2,31974.586201878727
245953,2007,204,40.32684973352194,2,263,1,40249.631854636755
237509,2004,211,15.416425463961886,3,157,2,31625.05069966246
62617,2002,246,29.64072537872332,5,198,3,27002.33259943667
105439,2015,322,60.376435438923295,3,267,3,33816.41802740164
24598,2021,164,13.65486230579757,3,162,3,7012.780075859495
110741,2011,203,84.41419511447415,2,176,3,31908.04841408175
213057,2006,260,97.42149762955789,2,242,1,38103.2225643447
50037,2004,278,89.56052921995439,4,183,2,23993.440833314085
232431,2007,222,64.65319563690963,2,180,1,37858.77647466163
164292,2014,320,67.19492530320252,3,277,3,37409.24883574383
35872,2005,126,48.99376418520655,2,251,3,26166.921387226117
9063,2008,204,40.95233067174041,2,296,1,22038.752406854484
123911,2017,285,34.336093400515054,2,246,3,29131.524857521574
47621,2012,340,41.56078371799715,2,248,3,32463.241015087242
61556,2019,312,70.71146963881188,3,245,1,25150.17652063238
166719,2007,193,26.566630232992836,3,166,1,26071.05742603838
198548,2006,300,15.225035578045908,2,206,3,34149.315208209
99823,2010,247,14.722506931113982,5,243,3,31148.42853156024
258491,2017,223,79.13368042195972,5,169,3,45283.90067093039
140667,2015,332,76.69996538865439,5,237,3,40039.91604666207
109378,2014,177,88.35818024507448,2,187,1,23635.611150261306
140567,2003,322,29.828320337681873,2,211,3,42268.44805356103
287962,2013,255,83.1679480058056,4,173,1,35099.76639479034
2196,2010,224,96.73204797672005,5,261,3,18775.06889534488
130532,2013,245,88.1898750182202,3,196,3,37353.024823897926
210729,2016,201,23.772920081122454,5,226,1,36272.068415281996
50755,2023,155,29.350768016023192,2,264,3,14091.349443883148
222673,2018,132,94.92527600939516,2,294,1,32004.99223397329
35523,2018,201,84.14035449305827,3,171,1,17439.182942211715
1436,2014,341,38.47357660355832,2,219,1,10132.17120340157
11648,2011,348,25.599301130047532,4,222,1,18098.649621409248
266222,2002,257,62.21454022912517,2,279,3,50786.96446053875
226568,2004,199,42.038946519536516,5,238,3,33831.194130067815
100984,2004,125,47.751395770428445,5,233,3,18344.345752555382
190407,2019,328,26.933544380302248,3,159,2,42832.09878822156
51867,2013,190,98.13200906652051,5,172,3,22523.11280302182
106300,2018,173,87.64243024033821,5,164,2,24235.957347835476
281182,2006,269,38.38542810448155,5,170,3,56253.31309845111
234516,2013,280,71.02383076208552,5,174,3,51463.23157730286
193809,2023,150,7.967164885260306,3,224,3,33660.49598651606
24787,2019,152,87.57347130921514,3,202,1,8203.734801328545
15007,2015,206,25.24767726015167,4,194,1,20100.232574982267
145022,2011,267,95.37804808580708,5,251,1,35953.65362110999
101313,2015,241,68.94127077731483,5,193,2,28035.52328933945
180746,2002,305,17.55011149307925,4,271,1,42420.90281784335
56210,2014,266,42.37804274806695,3,255,3,26533.341087683664
173476,2008,253,66.93239355302839,3,230,2,35728.855522894584
299790,2013,181,45.63260583791988,2,173,2,49406.06857933378
11525,2008,125,37.29463781601505,5,256,1,9638.129782170732
75461,2012,224,60.44544651016963,4,162,3,27929.861444568887
205541,2002,167,48.565802444518766,4,233,3,39629.65940332088
75492,2016,150,9.427960903708902,2,153,2,8950.995815880384
169998,2001,345,6.158791438879504,2,211,3,37406.49733348926
98848,2012,229,8.730682095782697,5,276,3,39118.39757254561
950,2005,254,59.888106617521984,5,263,1,23257.92293152443
246304,2007,168,99.1246817719235,3,231,2,29978.35058023536
50934,2013,237,93.28147571350097,3,222,1,26881.646114485495
221944,2012,260,95.42678121631063,2,270,2,43511.189601635546
2853,2017,168,21.280962397016584,2,185,2,13163.784983111706
217086,2018,333,36.92538715680432,5,298,2,43203.66092664921
188307,2019,343,35.29528491531355,5,199,3,39350.77717946044
202863,2019,298,33.10493590220041,4,157,3,43112.21769827208
243213,2003,335,36.851936888851974,5,216,3,46713.593016132116
195941,2001,191,12.768276220198628,4,245,2,36469.41899952982
234450,2013,218,58.4918329721921,4,250,2,37174.196491033494
251953,2021,208,45.77345979423028,5,248,2,35062.599680787505
147612,2021,270,9.279628774170549,5,174,2,33124.938276711815
184712,2004,281,77.3492120644011,4,280,3,41788.18304398535
297732,2016,318,60.5695099097232,2,165,2,46304.528391620996
2859,2021,141,58.87515702232689,3,234,1,7953.384361729437
136703,2005,133,76.15076036048917,3,169,2,23415.902544247063
204627,2011,267,45.63611949140673,5,169,1,37366.59001363363
76889,2004,203,5.840895724234127,4,224,3,26506.60975824785
235081,2020,241,30.840137564005165,3,154,3,34761.66676524366
41374,2007,321,54.843490098563414,5,299,2,26819.46601915569
63913,2023,317,99.07346249773649,2,240,3,26704.863981910126
153400,2021,210,47.371560788256126,2,150,1,30738.159929402995
251979,2022,318,42.1606378840088,3,254,2,48852.53021195227
141260,2012,164,47.63822099206987,4,221,3,30920.215856063056
77033,2005,242,33.22627948122353,4,240,1,25844.934884885206
14749,2008,309,66.36021635178732,4,164,1,19119.038716790714
71316,2010,257,39.28732353214986,4,176,2,22525.118646676383
117565,2002,208,8.316427650425602,5,298,2,26880.57121741635
148041,2021,322,25.854260628888728,5,222,2,29015.229435316192
196144,2021,195,79.14878339289487,4,297,1,31354.90372006341
298605,2023,283,79.3423610784219,3,245,2,52036.532045447784
160127,2008,148,40.79696852247659,5,152,2,27802.49181477014
53064,2011,126,93.16094733314794,5,224,3,20301.64540141701
59635,2003,319,13.476271693556551,5,207,1,25899.244404799858
240264,2003,151,83.14062972738154,3,233,1,30982.61754885904
118624,2002,145,24.5407424695972,5,278,1,25042.299201363683
255012,2023,311,54.48152983370843,2,300,1,46377.546423278465
243114,2021,138,21.399759835272047,2,221,1,35876.269393278286
111602,2014,268,59.07864532045902,4,256,2,31828.4713913562
16325,2006,316,66.99064561075947,2,236,2,33266.14468657753
255026,2022,131,97.39710183972248,3,187,3,44079.232449724004
257283,2008,130,11.216445493571934,3,186,1,38085.12319374306
75371,2017,204,62.94810470794844,4,264,1,17086.948036208505
198502,2009,325,16.581663515546172,2,182,1,42071.71028723343
198210,2011,249,76.18249629748209,3,260,3,43346.78632286205
135484,2008,301,80.86288188583127,2,252,2,36604.62472215813
197248,2006,245,82.7485018476849,2,155,2,49116.13970495192
230820,2013,326,91.99497471397996,3,173,3,41486.65938758459
154646,2011,321,29.562218277029473,5,228,2,40855.86291892842
259288,2008,226,82.79472893954544,2,242,2,43204.59089448785
94144,2004,206,8.952040919317966,5,186,1,28075.668297989912
111525,2013,282,25.31792447261118,2,156,1,29864.241898770306
